{
	"articles": [
		{
			"id": "aksjdhaksjhdk",
			"title": "Title one",
			"description": "Description one",
			"date": "03/09/2022",
			"image": "https://www.placecage.com/200/300",
			"tags": ["Programming", "React", "Learning"]
		},
		{
			"id": "adlasjd",
			"title": "Title two",
			"description": "Description two",
			"date": "03/15/2022",
			"image": "https://www.placecage.com/c/200/300",
			"tags": ["Programming"]
		},
		{
			"id": "dfvldfhlvjhdf",
			"title": "Title three",
			"description": "Description three",
			"date": "02/10/2022",
			"image": "https://www.placecage.com/200/300",
			"tags": ["React", "Learning"]
		}
	]
}
